SampleID	BarcodeSequence	Linker	Material	Condition	Sampling	TimePoint	Live_Dead	Coupon	Counts	CountsRound
#q2:types	categorical	categorical	categorical	categorical	categorical	categorical	categorical			
T0D0	TATGGTACCCAG	CCGCTGCGTTCTTCATCGATGC	Gypsum	dry	Single_sample	T0	Whole	D0	NA	NA
T0F0	TACAATATCTGT	CCGCTGCGTTCTTCATCGATGC	MDF	dry	Single_sample	T0	Whole	F0	NA	NA
T1D1	AATTTAGGTAGG	CCGCTGCGTTCTTCATCGATGC	Gypsum	wet	Single_sample	T1	Whole	D1	NA	NA
T1D2	GACTCAACCAGT	CCGCTGCGTTCTTCATCGATGC	Gypsum	wet	Single_sample	T1	Whole	D2	NA	NA
T1D3	GCCTCTACGTCG	CCGCTGCGTTCTTCATCGATGC	Gypsum	wet	Single_sample	T1	Whole	D3	NA	NA
T2D4	ACTACTGAGGAT	CCGCTGCGTTCTTCATCGATGC	Gypsum	wet	Single_sample	T2	Whole	D4	NA	NA
T2D5	AATTCACCTCCT	CCGCTGCGTTCTTCATCGATGC	Gypsum	wet	Single_sample	T2	Whole	D5	NA	NA
T2D6	CGTATAAATGCG	CCGCTGCGTTCTTCATCGATGC	Gypsum	wet	Single_sample	T2	Whole	D6	NA	NA
T3D7	ATGCTGCAACAC	CCGCTGCGTTCTTCATCGATGC	Gypsum	wet	Single_sample	T3	Whole	D7	NA	NA
T3D8	ACTCGCTCGCTG	CCGCTGCGTTCTTCATCGATGC	Gypsum	wet	Single_sample	T3	Whole	D8	NA	NA
T3D9	TTCCTTAGTAGT	CCGCTGCGTTCTTCATCGATGC	Gypsum	wet	Single_sample	T3	Whole	D9	NA	NA
T4D10	CGTCCGTATGAA	CCGCTGCGTTCTTCATCGATGC	Gypsum	wet	Single_sample	T4	Whole	D10	NA	NA
T4D11	ACGTGAGGAACG	CCGCTGCGTTCTTCATCGATGC	Gypsum	wet	Single_sample	T4	Whole	D11	NA	NA
T4D12	GGTTGCCCTGTA	CCGCTGCGTTCTTCATCGATGC	Gypsum	wet	Single_sample	T4	Whole	D12	NA	NA
T5D13	CATATAGCCCGA	CCGCTGCGTTCTTCATCGATGC	Gypsum	wet	Single_sample	T5	Whole	D13	NA	NA
T5D14	GCCTATGAGATC	CCGCTGCGTTCTTCATCGATGC	Gypsum	wet	Single_sample	T5	Whole	D14	NA	NA
T5D15	CAAGTGAAGGGA	CCGCTGCGTTCTTCATCGATGC	Gypsum	wet	Single_sample	T5	Whole	D15	NA	NA
T1R1	CACGTTTATTCC	CCGCTGCGTTCTTCATCGATGC	MDF	wet	Resample	T1	Whole	R1	2398.78571	2000
T1R4	GCAACGAACGAG	CCGCTGCGTTCTTCATCGATGC	MDF	wet	Resample	T1	Whole	R4	157.666667	200
T1R5	TGACTAATGGCC	CCGCTGCGTTCTTCATCGATGC	MDF	wet	Resample	T1	Whole	R5	2554.2	3000
T1R7	CGGGACACCCGA	CCGCTGCGTTCTTCATCGATGC	Gypsum	wet	Resample	T1	Whole	R7	1018.76923	1000
T1R9	CTGTCTATACTA	CCGCTGCGTTCTTCATCGATGC	Gypsum	wet	Resample	T1	Whole	R9	43	40
T1R10	TATGCCAGAGAT	CCGCTGCGTTCTTCATCGATGC	Gypsum	wet	Resample	T1	Whole	R10	NA	NA
T2R1	CGTTTGGAATGA	CCGCTGCGTTCTTCATCGATGC	MDF	wet	Resample	T2	Whole	R1	2580	3000
T2R4	AAGAACTCATGA	CCGCTGCGTTCTTCATCGATGC	MDF	wet	Resample	T2	Whole	R4	2881	3000
T2R5	TGATATCGTCTT	CCGCTGCGTTCTTCATCGATGC	MDF	wet	Resample	T2	Whole	R5	2246.75	2000
T2R7	CGGTGACCTACT	CCGCTGCGTTCTTCATCGATGC	Gypsum	wet	Resample	T2	Whole	R7	25284	30000
T2R9	AATGCGCGTATA	CCGCTGCGTTCTTCATCGATGC	Gypsum	wet	Resample	T2	Whole	R9	4966.5	5000
T2R10	CTTGATTCTTGA	CCGCTGCGTTCTTCATCGATGC	Gypsum	wet	Resample	T2	Whole	R10	NA	NA
T3R1	GAAATCTTGAAG	CCGCTGCGTTCTTCATCGATGC	MDF	wet	Resample	T3	Whole	R1	344	300
T3R4	GAGATACAGTTC	CCGCTGCGTTCTTCATCGATGC	MDF	wet	Resample	T3	Whole	R4	86	100
T3R5	ACGTATTCGAAG	CCGCTGCGTTCTTCATCGATGC	MDF	wet	Resample	T3	Whole	R5	78.8333333	100
T3R7	ACCTTACACCTT	CCGCTGCGTTCTTCATCGATGC	Gypsum	wet	Resample	T3	Whole	R7	1045376.92	1000000
T3R9	TAATCTCGCCGG	CCGCTGCGTTCTTCATCGATGC	Gypsum	wet	Resample	T3	Whole	R9	40260.5302	40000
T310	ATCTAGTGGCAA	CCGCTGCGTTCTTCATCGATGC	Gypsum	wet	Resample	T3	Whole	R10	NA	NA
T4R1	ACGCTTAACGAC	CCGCTGCGTTCTTCATCGATGC	MDF	wet	Resample	T4	Whole	R1	172	200
T4R4	TACGGATTATGG	CCGCTGCGTTCTTCATCGATGC	MDF	wet	Resample	T4	Whole	R4	172	200
T4R5	ATACATGCAAGA	CCGCTGCGTTCTTCATCGATGC	MDF	wet	Resample	T4	Whole	R5	301	300
T4R7	CTTAGTGCAGAA	CCGCTGCGTTCTTCATCGATGC	Gypsum	wet	Resample	T4	Whole	R7	3090887.46	3000000
T4R9	AATCTTGCGCCG	CCGCTGCGTTCTTCATCGATGC	Gypsum	wet	Resample	T4	Whole	R9	122954.316	100000
T410	AGGATCAGGGAA	CCGCTGCGTTCTTCATCGATGC	Gypsum	wet	Resample	T4	Whole	R10	NA	NA
T5R1	AATAACTAGGGT	CCGCTGCGTTCTTCATCGATGC	MDF	wet	Resample	T5	Whole	R1	1978	2000
T5R4	TATTGCAGCAGC	CCGCTGCGTTCTTCATCGATGC	MDF	wet	Resample	T5	Whole	R4	258	300
T5R5	TGATGTGCTAAG	CCGCTGCGTTCTTCATCGATGC	MDF	wet	Resample	T5	Whole	R5	394.166667	400
T5R7	GTAGTAGACCAT	CCGCTGCGTTCTTCATCGATGC	Gypsum	wet	Resample	T5	Whole	R7	3431747.82	3000000
T5R9	AGTAAAGATCGT	CCGCTGCGTTCTTCATCGATGC	Gypsum	wet	Resample	T5	Whole	R9	1718805.06	2000000
T5R10	CTCGCCCTCGCC	CCGCTGCGTTCTTCATCGATGC	Gypsum	wet	Resample	T5	Whole	R10	NA	NA
Extraction-control	TCTCTTTCGACA	CCGCTGCGTTCTTCATCGATGC	Control	wet	Control	Control	Control	NA	NA	NA
PCR-control	CGCGCCTTAAAC	CCGCTGCGTTCTTCATCGATGC	Control	wet	Control	Control	Control	NA	NA	NA